"Recipient","Email","Event","Status","Issued At","Verification Code"
"bhaskar","23311a05y6@cse.sreenidhi.edu.in","bhaskar sharma","generated","5/10/2026","CERT-50C9EEEC"
"Bhaskar Sharma","bhaskarsharma0109@gmail.com","test 2","generated","5/10/2026","CERT-0C669315"
"Sonal Mukherjee","sonal.mukherjee@gmail.com","test","generated","5/9/2026","CERT-AE7CE1E2"
"Saurabh Dixit","saurabh.dixit@gmail.com","test","generated","5/9/2026","CERT-1F1DEC5C"
"Sneha Iyer","sneha.iyer@gmail.com","test","generated","5/9/2026","CERT-C8882F29"
"Simran Kaur","simran.kaur@yahoo.com","test","generated","5/9/2026","CERT-082A8D72"
"Siddharth Choudhury","siddharth.choudhury@yahoo.com","test","generated","5/9/2026","CERT-2927907F"
"Shweta Trivedi","shweta.trivedi@gmail.com","test","generated","5/9/2026","CERT-9CA9A241"
"Shruti Bhatt","shruti.bhatt@gmail.com","test","generated","5/9/2026","CERT-3C57DBBF"
"Shashank Mohan","shashank.mohan@gmail.com","test","generated","5/9/2026","CERT-4F39D8C0"
"Sarita Kulshreshtha","sarita.kulshreshtha@gmail.com","test","generated","5/9/2026","CERT-34EF6C61"
"Sandeep Gill","sandeep.gill@gmail.com","test","generated","5/9/2026","CERT-59FDDCF5"
"Sameer Walia","sameer.walia@outlook.com","test","generated","5/9/2026","CERT-8F6F670B"
"Sakshi Ahuja","sakshi.ahuja@gmail.com","test","generated","5/9/2026","CERT-6E9E1EF4"
"Rohit Bhatia","rohit.bhatia@yahoo.com","test","generated","5/9/2026","CERT-5111614A"
"Rohan Patel","rohan.patel@outlook.com","test","generated","5/9/2026","CERT-3BDCEF84"
"Riya Malhotra","riya.malhotra@gmail.com","test","generated","5/9/2026","CERT-96C4FDB4"
"Ritika Bose","ritika.bose@gmail.com","test","generated","5/9/2026","CERT-DBA2CA8A"
"Surbhi Tandon","surbhi.tandon@yahoo.com","test","generated","5/9/2026","CERT-754E7C1F"
"Bhaskar Sharma","bhaskarsharma0109@gmail.com","test","generated","5/9/2026","CERT-552508D7"
"Yash Malviya","yash.malviya@yahoo.com","test","generated","5/9/2026","CERT-8263C0B3"
"Vivek Thakur","vivek.thakur@yahoo.com","test","generated","5/9/2026","CERT-2BBA917F"
"Vishal Kohli","vishal.kohli@gmail.com","test","generated","5/9/2026","CERT-08AF632F"
"Vinay Srivastava","vinay.srivastava@gmail.com","test","generated","5/9/2026","CERT-128FF879"
"Vikram Desai","vikram.desai@yahoo.com","test","generated","5/9/2026","CERT-07B06535"
"Varun Tiwari","varun.tiwari@gmail.com","test","generated","5/9/2026","CERT-1A55E041"
"Vandana Hegde","vandana.hegde@gmail.com","test","generated","5/9/2026","CERT-D7804451"
"Sunil Ramachandran","sunil.ramachandran@gmail.com","test","generated","5/9/2026","CERT-7581CCE1"
"Tushar Grover","tushar.grover@outlook.com","test","generated","5/9/2026","CERT-123E691C"
"Trupti Wadkar","trupti.wadkar@gmail.com","test","generated","5/9/2026","CERT-24BE0911"
"Tarun Oberoi","tarun.oberoi@gmail.com","test","generated","5/9/2026","CERT-95574F5A"
"Tanvi Shah","tanvi.shah@gmail.com","test","generated","5/9/2026","CERT-FEA9BB92"
"Swati Mishra","swati.mishra@gmail.com","test","generated","5/9/2026","CERT-D3C90E61"
"Suresh Rangan","suresh.rangan@gmail.com","test","generated","5/9/2026","CERT-4E124006"
"Neha Saxena","neha.saxena@outlook.com","test","generated","5/9/2026","CERT-BB56CA1D"
"Nikhil Kapoor","nikhil.kapoor@outlook.com","test","generated","5/9/2026","CERT-9D9D0855"
"Nilesh Goswami","nilesh.goswami@yahoo.com","test","generated","5/9/2026","CERT-F4AAE5FD"
"Nisha Fernandez","nisha.fernandez@outlook.com","test","generated","5/9/2026","CERT-C1DE8B70"
"Pallavi Deshpande","pallavi.deshpande@gmail.com","test","generated","5/9/2026","CERT-F411C16C"
"Piyush Rastogi","piyush.rastogi@gmail.com","test","generated","5/9/2026","CERT-83E44B81"
"Pooja Agarwal","pooja.agarwal@gmail.com","test","generated","5/9/2026","CERT-2554560D"
"Prachi Khandelwal","prachi.khandelwal@gmail.com","test","generated","5/9/2026","CERT-EE56E7C5"
"Prakash Mendonca","prakash.mendonca@outlook.com","test","generated","5/9/2026","CERT-C8647A81"
"Pranav Shetty","pranav.shetty@gmail.com","test","generated","5/9/2026","CERT-4A5CE932"
"Preeti Rathore","preeti.rathore@yahoo.com","test","generated","5/9/2026","CERT-9E14AD13"
"Priya Reddy","priya.reddy@gmail.com","test","generated","5/9/2026","CERT-0C1B3572"
"Rahul Verma","rahul.verma@gmail.com","test","generated","5/9/2026","CERT-F3E4FB79"
"Rajesh Pillai","rajesh.pillai@gmail.com","test","generated","5/9/2026","CERT-F32DA3F6"
"Ramesh Baliga","ramesh.baliga@gmail.com","test","generated","5/9/2026","CERT-98B04775"
"Rashmi Balkrishnan","rashmi.balkrishnan@yahoo.com","test","generated","5/9/2026","CERT-EC918555"
"Ravi Chandrasekhar","ravi.chandrasekhar@outlook.com","test","generated","5/9/2026","CERT-540E2379"
"Revathi Sundaram","revathi.sundaram@gmail.com","test","generated","5/9/2026","CERT-8B82860D"
"Naveen Pillai","naveen.pillai@outlook.com","test","generated","5/9/2026","CERT-356AA0E7"
"Gaurav Chauhan","gaurav.chauhan@outlook.com","test","generated","5/9/2026","CERT-1300D29D"
"Jyoti Sabharwal","jyoti.sabharwal@gmail.com","test","generated","5/9/2026","CERT-2C0703A7"
"Jayant Srinivasan","jayant.srinivasan@gmail.com","test","generated","5/9/2026","CERT-F4513BA8"
"Ishita Banerjee","ishita.banerjee@gmail.com","test","generated","5/9/2026","CERT-BD492B48"
"Isha Mittal","isha.mittal@gmail.com","test","generated","5/9/2026","CERT-51BFE5E9"
"Hemant Saxena","hemant.saxena@gmail.com","test","generated","5/9/2026","CERT-02550D04"
"Hema Padmanabhan","hema.padmanabhan@yahoo.com","test","generated","5/9/2026","CERT-2A031781"
"Harsh Pandey","harsh.pandey@gmail.com","test","generated","5/9/2026","CERT-8AE8D349"
"Gayatri Kashyap","gayatri.kashyap@gmail.com","test","generated","5/9/2026","CERT-B9517854"
"Nandini Das","nandini.das@outlook.com","test","generated","5/9/2026","CERT-ADA639A7"
"Divya Joshi","divya.joshi@gmail.com","test","generated","5/9/2026","CERT-6BE457DD"
"Dipti Mhatre","dipti.mhatre@gmail.com","test","generated","5/9/2026","CERT-9B4D0883"
"Devika Shastri","devika.shastri@outlook.com","test","generated","5/9/2026","CERT-A2692328"
"Dev Arora","dev.arora@gmail.com","test","generated","5/9/2026","CERT-5A6F3506"
"Deepika Ranganathan","deepika.ranganathan@gmail.com","test","generated","5/9/2026","CERT-2DFAE724"
"Deepak Yadav","deepak.yadav@outlook.com","test","generated","5/9/2026","CERT-098026E7"
"Chitra Narayanan","chitra.narayanan@gmail.com","test","generated","5/9/2026","CERT-EA8DFBD7"
"Karthik Nair","karthik.nair@outlook.com","test","generated","5/9/2026","CERT-8E4172E0"
"Karishma Vohra","karishma.vohra@outlook.com","test","generated","5/9/2026","CERT-FE618E4D"
"Namrata Purohit","namrata.purohit@gmail.com","test","generated","5/9/2026","CERT-7D0432A8"
"Mohit Sethi","mohit.sethi@yahoo.com","test","generated","5/9/2026","CERT-7AE028FF"
"Mithali Raghunath","mithali.raghunath@yahoo.com","test","generated","5/9/2026","CERT-5BB23C82"
"Megha Kulkarni","megha.kulkarni@yahoo.com","test","generated","5/9/2026","CERT-9EA996FA"
"Meera Krishnan","meera.krishnan@outlook.com","test","generated","5/9/2026","CERT-DEA71302"
"Manoj Bhandari","manoj.bhandari@gmail.com","test","generated","5/9/2026","CERT-843F0B80"
"Manish Kumar","manish.kumar@gmail.com","test","generated","5/9/2026","CERT-47C830B1"
"Madhavi Patil","madhavi.patil@gmail.com","test","generated","5/9/2026","CERT-0930311F"
"Lakshmi Subramaniam","lakshmi.subramaniam@yahoo.com","test","generated","5/9/2026","CERT-62E66577"
"Kunal Bhargava","kunal.bhargava@gmail.com","test","generated","5/9/2026","CERT-1AA86732"
"Kriti Sengupta","kriti.sengupta@outlook.com","test","generated","5/9/2026","CERT-D2E718D3"
"Komal Parikh","komal.parikh@outlook.com","test","generated","5/9/2026","CERT-B6297C21"
"Kiran Talwar","kiran.talwar@gmail.com","test","generated","5/9/2026","CERT-46AAD174"
"Kavya Rao","kavya.rao@yahoo.com","test","generated","5/9/2026","CERT-DB29BD36"
"Aarav Sharma","aarav.sharma@gmail.com","test","generated","5/9/2026","CERT-290F3D7B"
"Abhishek Luthra","abhishek.luthra@yahoo.com","test","generated","5/9/2026","CERT-53329B10"
"Bharat Krishnamurthy","bharat.krishnamurthy@gmail.com","test","generated","5/9/2026","CERT-F59FEFBB"
"Aditi Gokhale","aditi.gokhale@yahoo.com","test","generated","5/9/2026","CERT-856695F5"
"Aditya Gupta","aditya.gupta@gmail.com","test","generated","5/9/2026","CERT-8D4BAC0B"
"Ajay Narayan","ajay.narayan@gmail.com","test","generated","5/9/2026","CERT-5D494714"
"Akash Rawat","akash.rawat@gmail.com","test","generated","5/9/2026","CERT-6E70565C"
"Amit Jain","amit.jain@yahoo.com","test","generated","5/9/2026","CERT-6AFA4E0B"
"Ananya Singh","ananya.singh@gmail.com","test","generated","5/9/2026","CERT-9DAD7904"
"Anjali Menon","anjali.menon@gmail.com","test","generated","5/9/2026","CERT-FB52450F"
"Ankit Dhawan","ankit.dhawan@outlook.com","test","generated","5/9/2026","CERT-4772B5ED"
"Aparna Nambiar","aparna.nambiar@outlook.com","test","generated","5/9/2026","CERT-7F8A1DC6"
"Archana Venkatesh","archana.venkatesh@gmail.com","test","generated","5/9/2026","CERT-72F9764F"
"Arjun Mehta","arjun.mehta@gmail.com","test","generated","5/9/2026","CERT-CFE4B22B"
"Arun Mahajan","arun.mahajan@yahoo.com","test","generated","5/9/2026","CERT-180962A1"
"Ashish Dubey","ashish.dubey@gmail.com","test","generated","5/9/2026","CERT-2F0302DF"
"Bhavna Chopra","bhavna.chopra@gmail.com","test","generated","5/9/2026","CERT-F59136BC"
"Rajesh Kumar Vishwakarma","rajesh.vishwakarma@example.com","hi","failed","5/1/2026","CERT-BBD99EE5"
"Jane Smith","jane.smith@example.com","hi","failed","5/1/2026","CERT-A9B369E5"
"Dr. Alexander Bartholomew Montgomery III","alex.montgomery@example.com","hi","failed","5/1/2026","CERT-49ABD559"