name,email
Bhaskar Sharma,bhaskarsharma0109@gmail.com
Aarav Sharma,aarav.sharma@gmail.com
Priya Reddy,priya.reddy@gmail.com
Rohan Patel,rohan.patel@outlook.com
Ananya Singh,ananya.singh@gmail.com
Vikram Desai,vikram.desai@yahoo.com
Sneha Iyer,sneha.iyer@gmail.com
Karthik Nair,karthik.nair@outlook.com
Divya Joshi,divya.joshi@gmail.com
Arjun Mehta,arjun.mehta@gmail.com
Kavya Rao,kavya.rao@yahoo.com
Aditya Gupta,aditya.gupta@gmail.com
Meera Krishnan,meera.krishnan@outlook.com
Rahul Verma,rahul.verma@gmail.com
Ishita Banerjee,ishita.banerjee@gmail.com
Siddharth Choudhury,siddharth.choudhury@yahoo.com
Riya Malhotra,riya.malhotra@gmail.com
Nikhil Kapoor,nikhil.kapoor@outlook.com
Pooja Agarwal,pooja.agarwal@gmail.com
Varun Tiwari,varun.tiwari@gmail.com
Simran Kaur,simran.kaur@yahoo.com
Harsh Pandey,harsh.pandey@gmail.com
Neha Saxena,neha.saxena@outlook.com
Manish Kumar,manish.kumar@gmail.com
Shruti Bhatt,shruti.bhatt@gmail.com
Amit Jain,amit.jain@yahoo.com
Tanvi Shah,tanvi.shah@gmail.com
Deepak Yadav,deepak.yadav@outlook.com
Swati Mishra,swati.mishra@gmail.com
Rajesh Pillai,rajesh.pillai@gmail.com
Aditi Gokhale,aditi.gokhale@yahoo.com
Pranav Shetty,pranav.shetty@gmail.com
Nandini Das,nandini.das@outlook.com
Kunal Bhargava,kunal.bhargava@gmail.com
Anjali Menon,anjali.menon@gmail.com
Vivek Thakur,vivek.thakur@yahoo.com
Ritika Bose,ritika.bose@gmail.com
Gaurav Chauhan,gaurav.chauhan@outlook.com
Pallavi Deshpande,pallavi.deshpande@gmail.com
Akash Rawat,akash.rawat@gmail.com
Megha Kulkarni,megha.kulkarni@yahoo.com
Suresh Rangan,suresh.rangan@gmail.com
Aparna Nambiar,aparna.nambiar@outlook.com
Tarun Oberoi,tarun.oberoi@gmail.com
Bhavna Chopra,bhavna.chopra@gmail.com
Mohit Sethi,mohit.sethi@yahoo.com
Vandana Hegde,vandana.hegde@gmail.com
Ankit Dhawan,ankit.dhawan@outlook.com
Sonal Mukherjee,sonal.mukherjee@gmail.com
Piyush Rastogi,piyush.rastogi@gmail.com
Lakshmi Subramaniam,lakshmi.subramaniam@yahoo.com
Dev Arora,dev.arora@gmail.com
Kriti Sengupta,kriti.sengupta@outlook.com
Ashish Dubey,ashish.dubey@gmail.com
Madhavi Patil,madhavi.patil@gmail.com
Rohit Bhatia,rohit.bhatia@yahoo.com
Sakshi Ahuja,sakshi.ahuja@gmail.com
Naveen Pillai,naveen.pillai@outlook.com
Trupti Wadkar,trupti.wadkar@gmail.com
Shashank Mohan,shashank.mohan@gmail.com
Preeti Rathore,preeti.rathore@yahoo.com
Jayant Srinivasan,jayant.srinivasan@gmail.com
Komal Parikh,komal.parikh@outlook.com
Sandeep Gill,sandeep.gill@gmail.com
Archana Venkatesh,archana.venkatesh@gmail.com
Abhishek Luthra,abhishek.luthra@yahoo.com
Revathi Sundaram,revathi.sundaram@gmail.com
Tushar Grover,tushar.grover@outlook.com
Isha Mittal,isha.mittal@gmail.com
Ramesh Baliga,ramesh.baliga@gmail.com
Surbhi Tandon,surbhi.tandon@yahoo.com
Vishal Kohli,vishal.kohli@gmail.com
Nisha Fernandez,nisha.fernandez@outlook.com
Hemant Saxena,hemant.saxena@gmail.com
Dipti Mhatre,dipti.mhatre@gmail.com
Yash Malviya,yash.malviya@yahoo.com
Chitra Narayanan,chitra.narayanan@gmail.com
Sameer Walia,sameer.walia@outlook.com
Prachi Khandelwal,prachi.khandelwal@gmail.com
Vinay Srivastava,vinay.srivastava@gmail.com
Rashmi Balkrishnan,rashmi.balkrishnan@yahoo.com
Manoj Bhandari,manoj.bhandari@gmail.com
Karishma Vohra,karishma.vohra@outlook.com
Saurabh Dixit,saurabh.dixit@gmail.com
Deepika Ranganathan,deepika.ranganathan@gmail.com
Nilesh Goswami,nilesh.goswami@yahoo.com
Gayatri Kashyap,gayatri.kashyap@gmail.com
Prakash Mendonca,prakash.mendonca@outlook.com
Shweta Trivedi,shweta.trivedi@gmail.com
Ajay Narayan,ajay.narayan@gmail.com
Hema Padmanabhan,hema.padmanabhan@yahoo.com
Kiran Talwar,kiran.talwar@gmail.com
Devika Shastri,devika.shastri@outlook.com
Sunil Ramachandran,sunil.ramachandran@gmail.com
Namrata Purohit,namrata.purohit@gmail.com
Arun Mahajan,arun.mahajan@yahoo.com
Sarita Kulshreshtha,sarita.kulshreshtha@gmail.com
Ravi Chandrasekhar,ravi.chandrasekhar@outlook.com
Jyoti Sabharwal,jyoti.sabharwal@gmail.com
Bharat Krishnamurthy,bharat.krishnamurthy@gmail.com
Mithali Raghunath,mithali.raghunath@yahoo.com
